{"cameraMode":{"drawMode":0,"name":"Shaded","section":"Shading Mode"},"sceneLighting":false,"audioPlay":false,"sceneViewState":{"m_AlwaysRefresh":false,"showFog":true,"showSkybox":false,"showFlares":true,"showImageEffects":true,"showParticleSystems":true,"showVisualEffectGraphs":true,"m_FxEnabled":true},"in2DMode":false,"pivot":{"x":0.057541608810424808,"y":1.1355254650115967,"z":3.0035758018493654},"rotation":{"x":-0.03475354239344597,"y":-0.8175395131111145,"z":0.049611251801252368,"w":-0.5726895332336426},"size":4.898293495178223,"orthographic":false}