{"cameraMode":{"drawMode":0,"name":"Shaded","section":"Shading Mode"},"sceneLighting":true,"audioPlay":false,"sceneViewState":{"m_AlwaysRefresh":false,"showFog":true,"showSkybox":true,"showFlares":true,"showImageEffects":true,"showParticleSystems":true,"showVisualEffectGraphs":true,"m_FxEnabled":true},"in2DMode":false,"pivot":{"x":0.15703663229942323,"y":1.2906532287597657,"z":0.42593926191329958},"rotation":{"x":0.06739480048418045,"y":0.04369787126779556,"z":-0.002957533113658428,"w":0.9967797994613648},"size":0.5209634304046631,"orthographic":false}