{"cameraMode":{"drawMode":0,"name":"Shaded","section":"Shading Mode"},"sceneLighting":true,"audioPlay":false,"sceneViewState":{"m_AlwaysRefresh":false,"showFog":true,"showSkybox":true,"showFlares":true,"showImageEffects":true,"showParticleSystems":true,"showVisualEffectGraphs":true,"m_FxEnabled":true},"in2DMode":false,"pivot":{"x":-3.8073413372039797,"y":0.9454511404037476,"z":8.697975158691407},"rotation":{"x":0.06739480048418045,"y":0.04369787126779556,"z":-0.002957533113658428,"w":0.9967797994613648},"size":5.439697742462158,"orthographic":false}