{"cameraMode":{"drawMode":0,"name":"Shaded","section":"Shading Mode"},"sceneLighting":false,"audioPlay":false,"sceneViewState":{"m_AlwaysRefresh":false,"showFog":true,"showSkybox":false,"showFlares":true,"showImageEffects":true,"showParticleSystems":true,"showVisualEffectGraphs":true,"m_FxEnabled":true},"in2DMode":false,"pivot":{"x":-5.960464477539063e-8,"y":0.1399996280670166,"z":0.8385000228881836},"rotation":{"x":-0.03475354239344597,"y":-0.8175395131111145,"z":0.049611251801252368,"w":-0.5726895332336426},"size":1.1175637245178223,"orthographic":false}