{"cameraMode":{"drawMode":0,"name":"Shaded","section":"Shading Mode"},"sceneLighting":false,"audioPlay":false,"sceneViewState":{"m_AlwaysRefresh":false,"showFog":true,"showSkybox":false,"showFlares":true,"showImageEffects":true,"showParticleSystems":true,"showVisualEffectGraphs":true,"m_FxEnabled":true},"in2DMode":false,"pivot":{"x":-0.001536238007247448,"y":0.10627777129411698,"z":0.617928683757782},"rotation":{"x":0.11567357927560806,"y":-0.18094445765018464,"z":0.021421095356345178,"w":0.9764492511749268},"size":0.07756868004798889,"orthographic":false}