{"cameraMode":{"drawMode":0,"name":"Shaded","section":"Shading Mode"},"sceneLighting":false,"audioPlay":false,"sceneViewState":{"m_AlwaysRefresh":false,"showFog":true,"showSkybox":false,"showFlares":true,"showImageEffects":true,"showParticleSystems":true,"showVisualEffectGraphs":true,"m_FxEnabled":true},"in2DMode":false,"pivot":{"x":0.1856832504272461,"y":1.7140419483184815,"z":-0.0946807861328125},"rotation":{"x":-0.03475354239344597,"y":-0.8175395131111145,"z":0.049611251801252368,"w":-0.5726895332336426},"size":7.901627540588379,"orthographic":false}